{
  "schemaVersion": 1,
  "id": "smoothcraftmobile",
  "version": "${version}",
  "name": "SmoothCraftMobile",
  "description": "A Fabric mod that optimizes Minecraft for mobile devices. Improves FPS, reduces stutter, optimizes chunk loading and entity rendering for Android/Mojo Launcher.",
  "authors": [
    "SmoothCraftMobile Team"
  ],
  "contact": {
    "homepage": "https://github.com/smoothcraftmobile",
    "sources": "https://github.com/smoothcraftmobile/smoothcraftmobile"
  },
  "license": "MIT",
  "icon": "assets/smoothcraftmobile/icon.png",
  "environment": "client",
  "entrypoints": {
    "client": [
      "com.smoothcraftmobile.SmoothCraftMobileClient"
    ]
  },
  "mixins": [
    "smoothcraftmobile.mixins.json"
  ],
  "depends": {
    "fabricloader": ">=0.16.0",
    "minecraft": "~1.21.1",
    "java": ">=21",
    "fabric-api": "*"
  },
  "recommends": {
    "sodium": "*"
  },
  "custom": {
    "modmenu": {
      "links": {
        "modmenu.discord": "https://discord.gg/smoothcraftmobile"
      }
    }
  }
}
